"ERR","MAD","MSE"
0.250526315789474,0.273684210526316,0.32
