"ERR","MAD","MSE"
0.644921446462398,0.89184874628554,1.48633392884396
