"ERR","MAD","MSE"
0.629516940926337,1.0089061572283,2.11117704070724
