"ERR","MAD","MSE"
0.672010715411283,1.14531071827637,2.55539237314844
