"ERR","MAD","MSE"
0.304210526315789,0.311578947368421,0.326315789473684
