"ERR","MAD","MSE"
0.733154019731201,1.49438518230465,4.16065195058484
