"ERR","MAD","MSE"
0.574765910457945,0.723706111016348,1.05574967007514
