"ERR","MAD","MSE"
0.211627906976744,0.390033222591362,0.943300110741971
