"ERR","MAD","MSE"
0.642746400885936,0.929568106312292,1.57895902547065
