"ERR","MAD","MSE"
0.607789823897206,1.01709729494964,2.36771044019366
