"ERR","MAD","MSE"
0.716915671949229,1.62230558405055,5.10324299116245
