"ERR","MAD","MSE"
0.683987909348767,1.24347993009197,3.03565653382231
