"ERR","MAD","MSE"
0.539645625692137,0.783056478405316,1.44817275747508
