"ERR","MAD","MSE"
0.108421052631579,0.108421052631579,0.108421052631579
