"ERR","MAD","MSE"
0.333665559246955,0.587707641196013,1.27386489479513
