"ERR","MAD","MSE"
0.690923702833567,1.44720110019196,4.15532704925078
