"ERR","MAD","MSE"
0.665068332235051,1.1551210497665,2.69637481018824
