"ERR","MAD","MSE"
0.663170510553107,0.935275924911796,1.60055256802736
