"ERR","MAD","MSE"
0.664068265268563,0.972717234197273,1.74343516864322
